char,enc,dec
1815,3.5684523582458496,4.988654613494873
3630,7.024209260940552,9.902511835098267
5445,10.43209171295166,14.766499757766724
7260,13.860924482345581,19.492860317230225
9080,17.715659618377686,24.759612798690796
44775,3.658308982849121,3.659093141555786
44775,3.765932559967041,3.765932559967041
1815,0.0,1.5883805751800537
